"Business Unit", "Business Division", "Business Department", "Name", "Email"
"Engineering", "Information Technology", "Back Office", "Mason King", "mason.king@my.org"
"Customer Support", "Professional Services", "AMER", "Adam Hill", "adam.hill@my.org"
"Engineering", "Site Reliability Engineering", "Databases", "Timothy Johnson", "timothy.johnson@my.org"
"Customer Support", "Professional Services", "APAC", "Scott King", "scott.king@my.org"
"Customer Support", "Professional Services", "AMER", "Caleb Reyes", "caleb.reyes@my.org"
"Engineering", "Information Technology", "Helpdesk", "Benjamin Clark", "benjamin.clark@my.org"
"Engineering", "Information Technology", "Back Office", "Walter Mendoza", "walter.mendoza@my.org"
"Engineering", "Site Reliability Engineering", "Databases", "Gregory Lewis", "gregory.lewis@my.org"
"Engineering", "Site Reliability Engineering", "Databases", "Scott Cox", "scott.cox@my.org"
"Engineering", "Software Engineering", "Back end", "Caleb Johnson", "caleb.johnson@my.org"
"Engineering", "Software Engineering", "User Interface", "Nicholas Evans", "nicholas.evans@my.org"
"Engineering", "Software Engineering", "Security", "Juan Morales", "juan.morales@my.org"
"Engineering", "Site Reliability Engineering", "Observability", "Benjamin Roberts", "benjamin.roberts@my.org"
"Customer Support", "Professional Services", "APAC", "Gabriel Walker", "gabriel.walker@my.org"
"Engineering", "Site Reliability Engineering", "Observability", "Gary Bennet", "gary.bennet@my.org"
"Customer Support", "Technical Support", "Second Level", "Anthony Parker", "anthony.parker@my.org"
"Customer Support", "Professional Services", "AMER", "Willie Wilson", "willie.wilson@my.org"
"Engineering", "Software Engineering", "Security", "Jesse Castillo", "jesse.castillo@my.org"
"Engineering", "Information Technology", "Back Office", "Ryan Allen", "ryan.allen@my.org"
"Customer Support", "Professional Services", "AMER", "Aaron Castillo", "aaron.castillo@my.org"
"Engineering", "Site Reliability Engineering", "Databases", "William Thompson", "william.thompson@my.org"
"Customer Support", "Technical Support", "Second Level", "Douglas Thompson", "douglas.thompson@my.org"
"Engineering", "Site Reliability Engineering", "Networking", "Kevin Rogers", "kevin.rogers@my.org"
"Engineering", "Software Engineering", "Security", "Larry Stewart", "larry.stewart@my.org"
"Engineering", "Software Engineering", "User Interface", "Jordan Sanchez", "jordan.sanchez@my.org"
